2022 Election PARK BOARD COMMISSIONER Results by Location  (Vote for  7)   ,,,,,,,,,,,,,,,,,,,,,,,,,,,,,,,,,,,,,,,,,,,,,,,,,,,,,,,,,,,,,,,,,,,,,,
,,,,,,,,,,,,,,,,,,,,,,,,,,,,,,,,,,,,,,,,,,,,,,,,,,,,,,,,,,,,,,,,,,,,,,
Voting Place ID # - Voting Place,Times Cast,Undervotes,Overvotes,"200 JENSEN, Scott
(ABC Vancouver) ",,"201 GIESBRECHT, Gwen
(COPE) ",,,"202 CHARRETTE, Nick
 ",,"203 DIGBY, Tom
(GREEN) ",,,"204 FRENKEL, Carla
(Vision Vancouver) ",,"205 UPTON, Jason
(NPA) ",,"206 PINOCHET-ESCUDERO, Andrea
(VOTE Socialist) ",,"207 LIVINGSTONE, Chris
(COPE) ",,"208 BARKER, Tricia
(TEAM) ",,"209 STOCKWELL, Caitlin
(OneCity) ",,"210 HOWARD, Marie-Claire
(ABC Vancouver) ",,"211 ROLLERGIRL
 ",,"212 IRWIN, John
(Vision Vancouver) ",,"213 JACKSON, Serena
(OneCity) ",,"214 CHRISTENSEN, Laura
(ABC Vancouver) ",,"215 RILEY, Tricia
(GREEN) ",,"216 VIRDI, Jas
(ABC Vancouver) ",,"217 HASSAN, Maira
(COPE) ",,"218 MENARD, Liam Murphy
 ",,"219 SEPTEMBER, Dehara
(NPA) ",,"220 ZARUDINA, Olga
(NPA) ",,"221 KIMURA, Kumi
(TEAM) ",,"222 LARSEN, Kathleen
(TEAM) ",,"223 MOLLINEAUX, Michelle
(TEAM) ",,"224 PASIN, Dave
(NPA) ",,"225 BUCKSHON, James
(TEAM) ",,"226 RIVERS, Tiyaltelut Kristen
(OneCity) ",,"227 AUDLEY, Patrick
(TEAM) ",,"228 BASTYOVANSZKY, Brennan
(ABC Vancouver) ",,"229 HAER, Angela Kate
(ABC Vancouver) ",,"230 SMITH, Tracy D
 ",,"231 CRAIG, Steven
 ",,Total Votes
1 - Prince of Wales Secondary School,985,"1,674",1,544,,95,,,25,,182,,,98,,77,,40,,88,,156,,116,,478,,18,,101,,102,,494,,170,,451,,83,,38,,50,,51,,126,,136,,114,,63,,90,,96,,94,,465,,500,,34,,39,,"5,214"
2 - Carnarvon Community Elementary School,968,"1,613",2,443,,132,,,18,,203,,,106,,87,,47,,115,,217,,138,,397,,17,,124,,103,,410,,190,,355,,91,,36,,42,,40,,165,,192,,172,,65,,134,,125,,138,,375,,391,,48,,33,,"5,149"
3 - Gathering Place Community Centre,665,"1,291",1,297,,100,,,29,,139,,,94,,66,,57,,101,,79,,129,,248,,35,,93,,118,,235,,145,,217,,99,,41,,61,,49,,47,,58,,43,,41,,33,,114,,38,,240,,240,,32,,39,,"3,357"
4 - Carnegie Community Centre,627,"1,458",0,121,,250,,,18,,153,,,97,,48,,92,,265,,43,,160,,86,,76,,107,,164,,100,,147,,81,,220,,34,,34,,22,,42,,33,,26,,38,,20,,173,,33,,84,,90,,41,,33,,"2,931"
5 - Coal Harbour Community Centre,"1,345","2,624",1,601,,155,,,46,,283,,,174,,119,,83,,160,,178,,216,,545,,25,,178,,165,,543,,274,,498,,149,,75,,88,,91,,138,,151,,118,,100,,103,,195,,124,,518,,536,,67,,88,,"6,784"
6 - Crosstown Elementary School,730,"1,312",0,302,,141,,,16,,182,,,135,,69,,63,,147,,68,,171,,269,,28,,129,,141,,262,,180,,233,,132,,37,,60,,55,,54,,62,,25,,43,,22,,154,,30,,262,,275,,24,,27,,"3,798"
7 - Vancouver Public Library - Central Branch,"1,113","2,094",0,463,,179,,,32,,282,,,169,,98,,118,,189,,114,,276,,414,,31,,176,,229,,423,,266,,359,,167,,42,,86,,78,,88,,86,,71,,84,,43,,240,,59,,355,,398,,40,,42,,"5,697"
8 - Roundhouse Community Arts and Recreation Centre,"2,167","4,208",5,"1,059",,246,,,64,,420,,,244,,207,,120,,231,,248,,338,,948,,57,,257,,298,,943,,403,,877,,209,,110,,169,,141,,173,,231,,140,,201,,133,,310,,159,,889,,920,,76,,105,,"10,926"
9 - Musqueam Community Centre,258,596,1,71,,26,,,3,,54,,,25,,18,,14,,24,,78,,49,,67,,6,,30,,32,,67,,57,,52,,26,,9,,5,,7,,126,,49,,45,,13,,35,,43,,32,,56,,67,,11,,6,,"1,203"
10 - Lord Kitchener Elementary School,805,"1,202",1,354,,111,,,8,,176,,,85,,70,,31,,95,,213,,115,,331,,10,,99,,95,,340,,182,,295,,84,,33,,37,,34,,161,,174,,154,,65,,128,,110,,134,,283,,339,,44,,36,,"4,426"
11 - Dunbar Community Centre,"1,605","3,035",2,721,,171,,,22,,356,,,160,,161,,52,,154,,304,,203,,677,,40,,198,,155,,636,,338,,627,,147,,48,,86,,94,,253,,265,,222,,133,,176,,166,,181,,634,,698,,58,,50,,"8,186"
12 - False Creek Elementary School,926,"1,348",1,261,,234,,,25,,305,,,179,,64,,119,,218,,208,,294,,224,,28,,202,,215,,229,,312,,200,,181,,56,,48,,37,,150,,182,,151,,61,,97,,252,,116,,186,,193,,57,,43,,"5,127"
13 - False Creek Community Centre,743,"1,158",0,197,,184,,,29,,237,,,133,,56,,80,,186,,180,,202,,155,,23,,151,,182,,179,,228,,144,,177,,54,,31,,26,,130,,147,,117,,46,,89,,179,,114,,155,,160,,47,,25,,"4,043"
14 - Holy Trinity Anglican Church,"1,657","2,986",2,471,,400,,,47,,468,,,280,,106,,193,,378,,318,,449,,426,,57,,309,,388,,421,,474,,370,,352,,73,,63,,53,,227,,281,,207,,97,,182,,417,,200,,355,,403,,73,,61,,"8,599"
15 - L'Ecole Bilingue Elementary School,"1,247","2,191",2,319,,304,,,57,,371,,,227,,85,,161,,311,,219,,406,,293,,39,,215,,365,,290,,364,,250,,272,,49,,77,,62,,153,,178,,145,,70,,108,,381,,114,,265,,266,,67,,41,,"6,524"
16 - Seaforth Armoury,"1,557","2,779",5,436,,321,,,45,,475,,,263,,114,,148,,306,,342,,380,,377,,48,,262,,329,,408,,493,,331,,275,,76,,75,,62,,265,,296,,231,,93,,211,,328,,235,,347,,374,,71,,68,,"8,085"
17 - Grandview Elementary School,877,"1,296",4,155,,400,,,40,,270,,,183,,33,,189,,395,,92,,389,,122,,45,,177,,371,,121,,284,,100,,357,,40,,28,,26,,56,,76,,61,,30,,37,,397,,40,,110,,119,,38,,34,,"4,815"
18 - Templeton Secondary School,"1,991","3,054",5,535,,689,,,62,,604,,,388,,119,,315,,650,,177,,803,,454,,78,,401,,765,,438,,595,,388,,601,,68,,101,,97,,178,,173,,137,,110,,90,,773,,111,,397,,413,,78,,60,,"10,848"
19 - Britannia Community Services Centre,"1,555","2,319",4,228,,715,,,60,,546,,,337,,62,,344,,666,,137,,715,,186,,105,,308,,688,,209,,549,,168,,607,,57,,53,,36,,117,,123,,106,,50,,80,,745,,83,,182,,176,,61,,39,,"8,538"
20 - Queen Victoria Annex,"1,061","1,613",0,252,,368,,,27,,337,,,223,,69,,139,,320,,126,,432,,225,,44,,243,,394,,238,,352,,194,,321,,32,,45,,30,,92,,106,,90,,55,,64,,408,,64,,211,,224,,59,,30,,"5,814"
21 - Thunderbird Elementary School,771,"1,478",2,359,,103,,,29,,138,,,93,,90,,56,,115,,102,,138,,300,,32,,106,,131,,300,,128,,277,,99,,27,,62,,50,,76,,77,,57,,87,,47,,117,,54,,266,,307,,47,,35,,"3,905"
22 - Sir John Franklin Community School,862,"1,391",1,387,,162,,,34,,210,,,105,,88,,60,,171,,101,,184,,347,,41,,122,,157,,333,,214,,326,,162,,37,,57,,43,,75,,90,,58,,69,,35,,171,,49,,319,,336,,48,,45,,"4,636"
23 - Chief Maquinna Elementary School,"1,598","2,831",3,773,,261,,,80,,290,,,230,,122,,125,,282,,173,,310,,656,,37,,230,,289,,689,,282,,649,,243,,74,,80,,81,,139,,119,,83,,139,,95,,273,,85,,601,,683,,93,,68,,"8,334"
24 - Tillicum Community Annex,"1,431","2,389",5,397,,495,,,49,,388,,,293,,104,,273,,452,,162,,493,,301,,81,,291,,454,,344,,388,,272,,406,,66,,72,,64,,123,,112,,77,,71,,82,,458,,91,,282,,322,,76,,54,,"7,593"
25 - Hastings Community Centre,"1,245","2,114",2,566,,222,,,46,,278,,,172,,120,,113,,255,,137,,274,,470,,53,,190,,257,,465,,250,,440,,209,,58,,101,,91,,92,,106,,83,,107,,51,,260,,73,,438,,483,,59,,68,,"6,587"
26 - Lord Selkirk Elementary School,"1,141","1,816",4,415,,247,,,43,,312,,,210,,86,,141,,252,,119,,383,,352,,36,,223,,329,,372,,302,,323,,198,,59,,55,,64,,96,,112,,78,,75,,65,,340,,71,,327,,344,,68,,46,,"6,143"
27 - Queen Alexandra Elementary School,855,"1,164",2,217,,310,,,41,,245,,,184,,59,,129,,294,,89,,343,,179,,61,,183,,354,,185,,267,,137,,254,,57,,60,,47,,70,,83,,55,,49,,42,,353,,58,,143,,166,,55,,38,,"4,807"
28 - Trout Lake Community Centre,"1,680","2,547",6,513,,497,,,46,,476,,,351,,110,,241,,492,,188,,601,,415,,62,,356,,568,,469,,490,,391,,416,,67,,78,,54,,136,,170,,107,,78,,93,,583,,121,,412,,446,,91,,53,,"9,171"
29 - Kensington Community Centre,"1,846","2,923",1,947,,278,,,108,,387,,,268,,189,,148,,281,,165,,316,,834,,70,,285,,301,,830,,341,,790,,251,,98,,133,,112,,146,,163,,96,,168,,76,,267,,97,,734,,856,,124,,133,,"9,992"
30 - Sir Richard McBride Annex,"1,207","2,057",0,549,,207,,,46,,285,,,211,,116,,108,,200,,143,,247,,453,,39,,211,,226,,450,,291,,384,,175,,57,,87,,69,,114,,137,,100,,92,,62,,227,,92,,414,,470,,67,,63,,"6,392"
31 - Charles Dickens Annex,"1,422","2,350",0,517,,357,,,57,,351,,,240,,113,,182,,349,,154,,445,,444,,56,,306,,383,,437,,341,,399,,296,,57,,78,,58,,133,,117,,110,,92,,79,,402,,87,,410,,433,,66,,55,,"7,604"
32 - Dr. R. E. McKechnie Elementary School,814,"1,379",1,465,,71,,,16,,116,,,72,,71,,24,,66,,120,,93,,442,,21,,93,,61,,430,,122,,406,,52,,29,,49,,38,,89,,102,,76,,53,,67,,74,,66,,427,,452,,26,,23,,"4,312"
33 - Kerrisdale Elementary School,915,"1,557",2,440,,88,,,28,,160,,,115,,85,,35,,81,,188,,97,,424,,22,,122,,91,,438,,148,,371,,70,,38,,45,,41,,152,,157,,127,,75,,99,,82,,99,,403,,437,,47,,29,,"4,834"
34 - Kerrisdale Community Centre,"2,138","3,955",3,"1,038",,254,,,63,,393,,,207,,191,,99,,230,,403,,247,,971,,47,,247,,207,,965,,351,,872,,213,,86,,118,,116,,291,,317,,233,,171,,190,,216,,213,,890,,950,,110,,91,,"10,990"
35 - Captain James Cook Elementary School,972,"1,693",4,452,,119,,,47,,202,,,128,,104,,56,,134,,155,,128,,398,,34,,150,,104,,410,,190,,367,,112,,62,,80,,78,,128,,141,,83,,85,,70,,105,,82,,350,,391,,72,,66,,"5,083"
36 - Champlain Heights Community Centre,"1,538","2,654",4,577,,332,,,85,,391,,,241,,115,,123,,303,,198,,361,,489,,71,,295,,312,,523,,362,,447,,272,,91,,93,,77,,170,,197,,141,,94,,102,,324,,128,,446,,504,,117,,103,,"8,084"
37 - Killarney Community Centre,"1,779","3,534",5,971,,190,,,58,,262,,,198,,169,,102,,181,,158,,187,,845,,47,,239,,164,,828,,243,,791,,161,,89,,124,,110,,149,,142,,118,,149,,89,,150,,113,,770,,898,,107,,82,,"8,884"
38 - Kitsilano Neighbourhood House,"1,185","2,110",2,302,,306,,,25,,369,,,200,,63,,117,,277,,250,,338,,269,,36,,183,,320,,266,,358,,220,,258,,63,,43,,47,,184,,223,,185,,50,,158,,314,,171,,244,,254,,44,,34,,"6,171"
39 - Redemption Church,"1,189","1,942",0,311,,266,,,35,,394,,,226,,71,,99,,260,,284,,324,,283,,33,,254,,268,,297,,385,,246,,216,,56,,38,,46,,220,,246,,209,,68,,160,,282,,191,,247,,262,,64,,40,,"6,381"
40 - Lord Tennyson Elementary School,"1,377","2,460",3,424,,226,,,38,,379,,,221,,91,,135,,250,,294,,364,,359,,29,,247,,281,,372,,389,,328,,213,,64,,64,,55,,239,,271,,231,,81,,182,,302,,197,,348,,372,,63,,49,,"7,158"
41 - General Gordon Elementary School,"1,380","2,488",4,390,,254,,,34,,431,,,218,,75,,102,,251,,336,,353,,324,,32,,256,,301,,337,,436,,313,,228,,51,,51,,43,,257,,298,,245,,58,,206,,310,,225,,312,,330,,57,,30,,"7,144"
42 - Kitsilano War Memorial Community Centre,"1,682","3,089",5,544,,278,,,34,,451,,,233,,131,,108,,249,,389,,349,,490,,31,,244,,296,,494,,421,,442,,247,,75,,81,,84,,315,,352,,289,,119,,254,,336,,261,,446,,476,,76,,55,,"8,650"
43 - Westside Baptist Church,357,710,0,136,,65,,,11,,81,,,62,,28,,30,,64,,44,,56,,131,,12,,67,,57,,123,,70,,114,,57,,16,,18,,19,,39,,35,,23,,27,,19,,58,,29,,122,,126,,27,,23,,"1,789"
44 - Scottish Cultural Centre,"1,156","1,884",2,434,,258,,,68,,296,,,183,,105,,130,,243,,197,,233,,365,,58,,220,,212,,364,,273,,318,,225,,80,,82,,81,,130,,164,,96,,107,,75,,215,,111,,311,,349,,106,,105,,"6,194"
45 - Marpole-Oakridge Community Centre,"1,564","3,155",1,786,,168,,,42,,302,,,145,,139,,82,,144,,202,,151,,705,,38,,173,,131,,728,,270,,644,,151,,56,,102,,100,,194,,185,,124,,127,,98,,132,,120,,663,,726,,71,,87,,"7,786"
46 - Kivan Club (Boys and Girls Clubs of South Coast BC),729,"1,073",1,167,,245,,,32,,237,,,161,,39,,150,,254,,75,,322,,131,,37,,156,,283,,148,,236,,118,,218,,27,,31,,20,,69,,69,,56,,30,,37,,306,,47,,120,,126,,51,,25,,"4,023"
47 - Simon Fraser Elementary School,"1,375","2,217",1,433,,362,,,42,,406,,,259,,78,,172,,352,,171,,465,,378,,63,,280,,404,,394,,434,,347,,308,,69,,59,,46,,116,,152,,119,,70,,86,,425,,87,,344,,382,,56,,42,,"7,401"
48 - Mount Pleasant Neighbourhood House,971,"1,572",0,232,,330,,,45,,301,,,181,,63,,196,,328,,94,,388,,183,,61,,182,,365,,193,,306,,174,,288,,50,,51,,43,,65,,97,,68,,39,,35,,383,,49,,168,,184,,43,,40,,"5,225"
49 - Vancouver City Hall,"1,194","2,185",2,339,,286,,,43,,353,,,224,,71,,165,,280,,160,,363,,307,,36,,229,,319,,311,,320,,262,,253,,55,,61,,53,,127,,151,,112,,65,,72,,341,,93,,287,,307,,70,,44,,"6,159"
50 - Creekside Community Recreation Centre,"1,648","2,931",4,610,,279,,,48,,447,,,315,,125,,181,,303,,193,,434,,540,,57,,297,,394,,581,,398,,508,,237,,109,,104,,96,,124,,167,,120,,85,,103,,410,,98,,509,,530,,92,,83,,"8,577"
51 - Mount Pleasant Community Centre,"2,156","3,480",5,482,,742,,,77,,675,,,435,,106,,397,,741,,229,,899,,392,,106,,424,,840,,421,,718,,365,,676,,84,,72,,69,,178,,180,,164,,66,,108,,877,,130,,368,,385,,109,,62,,"11,577"
52 - Trinity Baptist Church,596,"1,166",0,352,,41,,,18,,84,,,51,,53,,20,,39,,64,,43,,333,,16,,48,,37,,319,,64,,309,,36,,32,,34,,29,,57,,54,,34,,50,,30,,37,,29,,310,,346,,20,,17,,"3,006"
53 - Sir William Van Horne Elementary School,"1,030","1,774",2,544,,126,,,22,,206,,,114,,117,,54,,136,,114,,134,,489,,24,,111,,121,,473,,179,,466,,112,,43,,97,,70,,107,,86,,70,,104,,51,,123,,61,,454,,499,,53,,62,,"5,422"
54 - Jewish Community Centre of Greater Vancouver,770,"1,401",1,439,,61,,,19,,131,,,93,,96,,36,,68,,82,,95,,379,,14,,88,,60,,394,,115,,367,,46,,35,,54,,57,,71,,73,,57,,69,,40,,61,,42,,371,,397,,30,,42,,"3,982"
55 - John Norquay Elementary School,"1,596","2,726",5,778,,246,,,87,,330,,,240,,150,,145,,266,,180,,297,,657,,59,,286,,290,,657,,275,,626,,242,,76,,121,,95,,122,,110,,79,,145,,72,,252,,70,,596,,675,,89,,98,,"8,411"
56 - Renfrew Park Community Centre,"1,400","2,615",2,679,,214,,,59,,262,,,195,,140,,99,,206,,162,,227,,578,,55,,179,,222,,570,,233,,530,,190,,70,,101,,93,,132,,123,,92,,134,,67,,192,,91,,531,,580,,84,,81,,"7,171"
57 - Collingwood Neighbourhood House,"2,277","3,671",5,"1,051",,425,,,107,,495,,,443,,238,,209,,432,,293,,407,,826,,94,,442,,397,,825,,451,,752,,378,,116,,182,,169,,244,,272,,146,,206,,140,,398,,164,,712,,844,,175,,200,,"12,233"
58 - Windermere Community Secondary School,692,"1,338",5,344,,108,,,23,,130,,,76,,76,,17,,79,,76,,94,,289,,20,,106,,86,,301,,105,,283,,89,,29,,57,,48,,73,,61,,38,,60,,28,,88,,38,,276,,303,,36,,34,,"3,471"
59 - Renfrew Community Elementary School,700,"1,308",1,368,,86,,,33,,117,,,80,,84,,37,,91,,81,,87,,330,,21,,88,,77,,319,,100,,302,,82,,22,,48,,48,,65,,64,,34,,65,,36,,71,,46,,286,,333,,38,,46,,"3,585"
60 - Sir Charles Tupper Secondary School,"1,447","2,478",0,544,,321,,,44,,388,,,272,,121,,165,,304,,138,,379,,492,,51,,287,,352,,499,,383,,447,,264,,55,,76,,60,,117,,135,,97,,86,,71,,356,,72,,440,,507,,63,,65,,"7,651"
61 - General Brock Elementary School,"1,024","1,613",0,376,,235,,,26,,331,,,191,,88,,109,,217,,165,,238,,312,,51,,192,,221,,329,,318,,282,,187,,51,,62,,46,,109,,147,,99,,60,,78,,215,,81,,294,,338,,60,,47,,"5,555"
62 - Hillcrest Centre,"1,216","2,021",3,502,,251,,,34,,324,,,222,,91,,104,,222,,134,,305,,444,,42,,224,,276,,464,,295,,407,,209,,47,,54,,61,,102,,111,,99,,76,,70,,291,,70,,403,,438,,60,,38,,"6,470"
63 - Shaughnessy Elementary School,669,"1,053",2,413,,35,,,6,,93,,,42,,72,,14,,34,,115,,62,,381,,15,,51,,51,,371,,91,,348,,36,,22,,34,,36,,78,,100,,76,,51,,69,,54,,73,,363,,393,,21,,16,,"3,616"
64 - Douglas Park Community Centre,"1,692","2,847",2,649,,321,,,56,,443,,,301,,188,,175,,312,,245,,462,,563,,50,,329,,384,,585,,425,,502,,261,,72,,104,,74,,154,,192,,153,,120,,118,,422,,128,,521,,552,,71,,51,,"8,983"
65 - RayCam Co-operative Centre,506,885,3,132,,155,,,17,,162,,,116,,29,,77,,164,,40,,168,,108,,22,,86,,172,,113,,157,,87,,151,,29,,24,,26,,29,,34,,25,,31,,30,,181,,26,,96,,97,,24,,28,,"2,636"
66 - Strathcona Community Centre,891,"1,493",2,216,,297,,,36,,279,,,240,,42,,159,,270,,57,,336,,193,,55,,186,,309,,189,,276,,186,,266,,38,,41,,33,,44,,53,,36,,43,,35,,307,,35,,192,,203,,44,,34,,"4,730"
67 - Moberly Arts and Cultural Centre,"1,084","1,484",6,613,,134,,,69,,186,,,132,,119,,78,,121,,135,,122,,538,,52,,154,,132,,518,,138,,597,,128,,51,,75,,60,,125,,128,,92,,83,,66,,107,,82,,469,,585,,86,,87,,"6,062"
68 - John Oliver Secondary School,"1,280","1,856",0,586,,239,,,69,,309,,,218,,151,,124,,228,,203,,252,,506,,58,,238,,225,,477,,289,,467,,218,,70,,87,,95,,133,,154,,114,,102,,84,,228,,96,,405,,484,,101,,94,,"7,104"
69 - Sunset Community Centre,"2,175","3,658",8,"1,142",,245,,,106,,371,,,289,,219,,154,,255,,256,,270,,994,,74,,261,,254,,933,,327,,"1,155",,291,,113,,164,,126,,250,,210,,160,,154,,130,,216,,151,,853,,"1,077",,158,,153,,"11,511"
70 - David Oppenheimer Elementary School,"1,230","2,215",5,651,,157,,,37,,211,,,129,,126,,59,,145,,138,,129,,604,,43,,137,,120,,596,,186,,582,,129,,55,,93,,81,,109,,111,,68,,97,,70,,119,,68,,562,,612,,82,,54,,"6,360"
71 - Waverley Elementary School,"1,328","2,554",3,758,,130,,,52,,194,,,136,,132,,74,,128,,168,,117,,633,,32,,160,,120,,626,,167,,594,,117,,65,,101,,94,,146,,136,,90,,123,,78,,86,,73,,569,,657,,83,,82,,"6,721"
72 - David Thompson Secondary School,"1,767","3,236",6,"1,013",,167,,,76,,283,,,180,,172,,107,,179,,181,,179,,869,,47,,219,,149,,873,,231,,860,,159,,70,,123,,104,,156,,158,,91,,163,,84,,141,,92,,809,,915,,144,,97,,"9,091"
73 - Lord Roberts Elementary School,917,"1,674",3,220,,279,,,37,,313,,,173,,53,,114,,254,,114,,289,,194,,33,,178,,259,,201,,295,,188,,239,,57,,44,,36,,66,,98,,62,,56,,58,,277,,63,,183,,185,,48,,58,,"4,724"
74 - Gordon Neighbourhood House,"1,024","1,832",1,297,,309,,,44,,341,,,197,,68,,139,,274,,129,,302,,246,,38,,197,,275,,235,,323,,202,,245,,61,,62,,41,,79,,124,,100,,57,,66,,272,,87,,205,,216,,49,,49,,"5,329"
75 - Lord Roberts Annex,"1,308","2,403",1,419,,306,,,58,,396,,,236,,119,,188,,311,,155,,347,,355,,57,,218,,328,,354,,388,,324,,269,,60,,84,,82,,112,,126,,99,,87,,66,,324,,76,,326,,341,,68,,67,,"6,746"
76 - Vancouver Aquatic Centre,"1,318","2,407",4,477,,253,,,45,,356,,,208,,100,,134,,249,,167,,310,,426,,56,,211,,281,,399,,358,,376,,232,,77,,70,,75,,144,,151,,115,,86,,94,,286,,108,,400,,407,,68,,72,,"6,791"
77 - King George Secondary School,"1,791","3,423",3,514,,464,,,79,,556,,,290,,140,,217,,442,,289,,441,,427,,66,,300,,399,,441,,559,,358,,394,,104,,109,,96,,185,,236,,178,,134,,139,,381,,162,,398,,408,,89,,98,,"9,093"
78 - West Point Grey Community Centre,464,710,0,179,,68,,,13,,135,,,75,,32,,21,,55,,113,,87,,166,,11,,73,,68,,151,,123,,155,,47,,20,,17,,12,,95,,100,,90,,33,,79,,80,,79,,163,,155,,28,,15,,"2,538"
79 - Lord Byng Secondary School,"1,163","1,923",1,444,,201,,,32,,286,,,161,,133,,97,,145,,260,,239,,405,,29,,201,,165,,428,,268,,382,,136,,56,,60,,54,,170,,204,,159,,98,,129,,191,,147,,378,,410,,95,,48,,"6,211"
80 - St Helen's Anglican Church,955,"1,681",3,352,,149,,,13,,276,,,118,,67,,62,,141,,230,,177,,318,,20,,132,,149,,309,,231,,306,,115,,36,,52,,41,,179,,188,,155,,49,,140,,148,,147,,288,,335,,35,,25,,"4,983"
200 - Carnegie Community Centre,974,"1,953",5,258,,367,,,45,,236,,,148,,80,,132,,381,,96,,225,,213,,80,,137,,222,,210,,218,,180,,337,,41,,66,,67,,71,,79,,52,,81,,39,,214,,47,,190,,204,,58,,56,,"4,830"
201 - Roundhouse Community Arts and Recreation Centre,"4,457","7,150",6,"2,387",,511,,,117,,818,,,535,,413,,263,,434,,640,,685,,"2,210",,103,,633,,586,,"2,193",,802,,"1,998",,460,,235,,302,,287,,399,,461,,323,,363,,284,,618,,289,,"2,050",,"2,159",,195,,254,,"24,007"
202 - Dunbar Community Centre,"4,059","6,053",7,"2,300",,347,,,58,,616,,,337,,350,,126,,298,,933,,389,,"2,195",,48,,398,,313,,"2,108",,593,,"2,007",,254,,128,,183,,161,,711,,718,,589,,273,,537,,318,,549,,"2,007",,"2,217",,131,,119,,"22,311"
203 - Britannia Community Services Centre,"2,096","2,853",3,369,,901,,,69,,653,,,453,,81,,464,,867,,228,,944,,335,,95,,436,,926,,350,,701,,296,,768,,79,,88,,79,,172,,192,,159,,87,,128,,955,,137,,308,,307,,106,,65,,"11,798"
204 - Hastings Community Centre,"2,384","3,374",5,974,,583,,,104,,521,,,394,,203,,289,,523,,274,,658,,876,,113,,417,,607,,870,,522,,821,,495,,119,,160,,154,,188,,201,,138,,201,,132,,626,,141,,822,,864,,151,,138,,"13,279"
205 - Kensington Community Centre,"2,052","3,295",6,"1,100",,321,,,79,,359,,,270,,182,,164,,303,,223,,311,,966,,73,,291,,311,,963,,330,,908,,272,,113,,127,,114,,183,,173,,105,,168,,80,,299,,103,,884,,"1,000",,123,,129,,"11,027"
206 - Trout Lake Community Centre,"3,247","4,819",2,"1,155",,824,,,112,,844,,,624,,240,,412,,769,,379,,"1,073",,"1,016",,114,,624,,"1,022",,"1,004",,826,,934,,715,,141,,189,,162,,290,,318,,232,,228,,182,,999,,180,,924,,"1,013",,228,,123,,"17,896"
207 - Kerrisdale Community Centre,"5,444","8,729",10,"3,351",,400,,,73,,693,,,398,,499,,142,,325,,988,,390,,"3,162",,64,,469,,294,,"3,117",,628,,"2,934",,319,,177,,259,,246,,698,,791,,566,,408,,531,,327,,546,,"2,940",,"3,224",,170,,180,,"29,309"
208 - Champlain Heights Community Centre,"1,829","2,577",3,851,,312,,,55,,421,,,297,,183,,127,,283,,308,,293,,765,,56,,334,,259,,769,,408,,686,,264,,104,,111,,124,,247,,273,,192,,194,,158,,275,,154,,675,,787,,117,,123,,"10,205"
209 - Killarney Community Centre,"4,027","6,734",5,"2,402",,456,,,159,,577,,,421,,369,,213,,406,,435,,420,,"2,136",,93,,529,,380,,"2,090",,483,,"1,973",,409,,201,,284,,280,,348,,337,,221,,369,,165,,323,,203,,"1,973",,"2,244",,260,,261,,"21,420"
210 - Kitsilano War Memorial Community Centre,"5,221","7,272",13,"2,081",,778,,,125,,"1,190",,,699,,324,,315,,669,,"1,497",,948,,"1,980",,98,,742,,785,,"1,964",,"1,182",,"1,784",,646,,212,,201,,179,,"1,170",,"1,320",,"1,090",,286,,977,,804,,"1,054",,"1,814",,"1,873",,226,,171,,"29,184"
211 - Creekside Community Recreation Centre,"2,695","4,210",8,"1,155",,447,,,62,,631,,,446,,190,,243,,390,,443,,669,,"1,049",,64,,454,,570,,"1,084",,615,,993,,375,,158,,149,,130,,295,,345,,222,,167,,204,,586,,205,,999,,"1,045",,125,,89,,"14,599"
212 - Mount Pleasant Community Centre,"2,921","4,054",3,801,,938,,,112,,879,,,615,,155,,539,,960,,307,,"1,171",,685,,148,,607,,"1,114",,719,,894,,629,,857,,132,,135,,126,,233,,287,,222,,144,,140,,"1,101",,197,,614,,636,,157,,118,,"16,372"
213 - Vancouver City Hall,"2,743","4,154",8,968,,601,,,88,,722,,,518,,206,,309,,537,,473,,802,,854,,81,,534,,681,,885,,704,,754,,525,,151,,154,,122,,338,,396,,278,,183,,245,,734,,284,,777,,829,,143,,115,,"14,991"
214 - Renfrew Park Community Centre,"2,450","4,010",10,"1,315",,346,,,78,,417,,,285,,227,,182,,361,,260,,380,,"1,176",,71,,357,,349,,"1,154",,368,,"1,114",,302,,130,,152,,129,,208,,201,,132,,209,,103,,315,,123,,"1,083",,"1,220",,172,,151,,"13,070"
215 - Hillcrest Centre,"2,457","3,676",1,"1,105",,490,,,58,,534,,,377,,181,,203,,421,,365,,539,,990,,74,,431,,447,,"1,008",,524,,939,,387,,109,,132,,119,,297,,303,,236,,187,,175,,511,,202,,934,,"1,001",,125,,112,,"13,516"
216 - Douglas Park Community Centre,"2,475","3,834",0,"1,076",,435,,,55,,531,,,378,,210,,221,,409,,454,,570,,986,,47,,438,,486,,991,,538,,893,,374,,102,,121,,110,,297,,369,,249,,154,,209,,502,,227,,907,,960,,115,,77,,"13,491"
217 - RayCam Co-operative Centre,678,988,4,273,,182,,,20,,158,,,133,,39,,100,,169,,57,,190,,250,,33,,105,,214,,256,,147,,231,,155,,32,,40,,25,,39,,39,,38,,25,,29,,200,,28,,230,,243,,28,,22,,"3,730"
218 - Marpole-Oakridge Community Centre,"2,558","4,057",2,"1,537",,213,,,68,,349,,,245,,239,,129,,223,,304,,232,,"1,440",,63,,268,,218,,"1,424",,340,,"1,352",,211,,106,,135,,146,,268,,274,,186,,225,,171,,198,,181,,"1,364",,"1,470",,122,,134,,"13,835"
219 - Sunset Community Centre,"3,801","5,700",12,"2,101",,494,,,171,,621,,,459,,380,,231,,442,,558,,409,,"1,878",,116,,532,,402,,"1,830",,524,,"1,965",,421,,197,,265,,237,,452,,435,,275,,346,,250,,350,,318,,"1,646",,"1,989",,253,,276,,"20,823"
220 - West End Community Centre,"4,318","7,165",6,"1,573",,"1,002",,,157,,"1,255",,,657,,362,,417,,910,,748,,952,,"1,410",,125,,745,,829,,"1,396",,"1,168",,"1,251",,788,,311,,232,,240,,444,,587,,405,,300,,365,,832,,392,,"1,304",,"1,335",,237,,290,,"23,019"
221 - West Point Grey Community Centre,"2,011","3,027",2,918,,224,,,36,,411,,,210,,147,,96,,166,,569,,253,,872,,29,,234,,206,,841,,397,,785,,141,,74,,68,,69,,449,,514,,409,,108,,387,,210,,396,,799,,871,,75,,72,,"11,036"
300 - SVO Results,"1,316","4,776",6,313,,184,,,61,,201,,,127,,109,,70,,177,,174,,93,,230,,62,,134,,117,,241,,183,,210,,147,,48,,82,,89,,109,,153,,92,,76,,95,,77,,106,,214,,264,,76,,80,,"4,394"
307 - Mail Results,"6,692","8,177",28,"2,756",,"1,399",,,124,,"1,569",,,"1,190",,491,,667,,"1,216",,"1,248",,"1,798",,"2,579",,149,,"1,334",,"1,595",,"2,719",,"1,561",,"2,401",,"1,104",,367,,336,,289,,858,,982,,726,,498,,606,,"1,736",,675,,"2,446",,"2,519",,309,,224,,"38,471"
400 - UBC - AMS Student Nest,0,0,0,0,,0,,,0,,0,,,0,,0,,0,,0,,0,,0,,0,,0,,0,,0,,0,,0,,0,,0,,0,,0,,0,,0,,0,,0,,0,,0,,0,,0,,0,,0,,0,,0,,0
401 - University Hill Secondary School,0,0,0,0,,0,,,0,,0,,,0,,0,,0,,0,,0,,0,,0,,0,,0,,0,,0,,0,,0,,0,,0,,0,,0,,0,,0,,0,,0,,0,,0,,0,,0,,0,,0,,0,,0
 Total,"170,274","281,061",344,"71,174",,"32,257",,,"5,526",,"39,243",,,"25,415",,"13,921",,"15,526",,"30,539",,"25,615",,"36,856",,"63,407",,"5,453",,"27,186",,"33,070",,"63,618",,"37,733",,"58,709",,"27,708",,"8,014",,"9,669",,"8,712",,"19,394",,"21,418",,"15,943",,"12,006",,"13,222",,"33,713",,"14,681",,"58,247",,"63,635",,"8,932",,"7,907",,"908,449"
,,,,,,,,,,,,,,,,,,,,,,,,,,,,,,,,,,,,,,,,,,,,,,,,,,,,,,,,,,,,,,,,,,,,,,
,,,,,,,,,,,,,,,,,,,,,,,,,,,,,,,,,,,,,,,,,,,,,,,,,,,,,,,,,,,,,,,,,,,,,,
